0,1,2,3,4,5,6
0.0,0.0,0.0,0.0,199.99999529437028,254.0,0.0
21.0,8160.0,13350.0,182.0,200.0,238.0,2585.0
0.0,0.0,0.0,0.0,200.0000219998644,62.0,0.0
0.0,0.0,0.0,0.0,199.97307369511952,27.0,0.0
0.0,0.0,0.0,0.0,203.0,2.0,0.0
0.0,0.0,14630.0,845.0,200.0,2.0,2875.0
0.0,0.0,0.0,0.0,199.7423862630038,22.0,0.0
0.0,0.0,0.0,0.0,197.3255315498519,16.0,0.0
0.0,0.0,42430.0,2460.0,200.00001604218366,27.0,1345.0
0.0,0.0,0.0,0.0,201.63636034973405,65.0,0.0
0.0,0.0,15390.0,482.0,199.9999929809351,118.0,2690.0
0.0,0.0,0.0,0.0,203.99997450016255,63.0,0.0
0.0,0.0,28500.0,1842.0,200.00001304651414,2.0,3400.0
68.0,0.0,0.0,0.0,200.0,1.0,0.0
0.0,0.0,8140.0,7823.0,200.0,68.0,2725.0
0.0,0.0,17780.0,164100.0,200.00000545623092,3.0,7250.0
0.0,0.0,14740.0,4771.0,200.00001389458825,60.0,3065.0
177472.0,0.0,2910.0,178011.0,200.0,0.0,1395.0
438432.0,0.0,4770.0,438869.0,200.0,2.0,3685.0
0.0,0.0,0.0,0.0,259.90453911107505,484.0,0.0
0.0,0.0,0.0,0.0,201.63636034973405,65.0,0.0
942.0,0.0,0.0,0.0,200.0,66.0,0.0
16.0,0.0,3600.0,223.0,200.0,4.0,200.0
0.0,0.0,0.0,0.0,203.99997450016255,63.0,0.0
0.0,3570.0,6660.0,2991.0,200.0,60.0,425.0
0.0,0.0,20070.0,9267.0,200.00000236523528,4.0,2125.0
0.0,0.0,0.0,0.0,279.70451663008504,143.0,0.0
0.0,0.0,0.0,0.0,199.99999270147237,259.0,0.0
0.0,0.0,0.0,0.0,199.9999982739968,258.0,0.0
0.0,0.0,0.0,0.0,200.0000219998644,62.0,0.0
0.0,0.0,34330.0,5159.0,200.00000467833894,6.0,1600.0
0.0,0.0,0.0,0.0,201.63636034973405,65.0,0.0
0.0,0.0,0.0,0.0,302.0,1.0,0.0
261328.0,0.0,4420.0,261783.0,200.0,1.0,3225.0
608.0,25100.0,0.0,0.0,200.0,83.0,0.0
0.0,0.0,0.0,0.0,203.99997450016255,63.0,0.0
0.0,0.0,0.0,0.0,204.0,296.0,0.0
0.0,0.0,0.0,0.0,204.0,295.0,0.0
0.0,20520.0,34060.0,1221.0,200.0,180.0,3095.0
0.0,0.0,88610.0,1669.0,200.0,2.0,1650.0
0.0,0.0,12020.0,7246.0,199.999999050954,307.0,5750.0
0.0,0.0,0.0,0.0,203.0,2.0,0.0
0.0,0.0,0.0,0.0,199.96445257094553,28.0,0.0
0.0,0.0,0.0,0.0,200.6364893543636,97.0,0.0
0.0,0.0,68480.0,354078.0,199.99999030744212,0.0,88430.0
0.0,0.0,0.0,0.0,200.37870332342527,66.0,0.0
0.0,0.0,0.0,0.0,200.14985648738855,68.0,0.0
0.0,0.0,0.0,0.0,199.9999961873363,265.0,0.0
16.0,0.0,3750.0,223.0,200.0,2.0,125.0
1307.0,0.0,2240.0,1883.0,200.0,2.0,150.0
0.0,0.0,0.0,0.0,202.8033271194412,277.0,0.0
0.0,9360.0,0.0,0.0,200.0,270.0,0.0
0.0,0.0,0.0,0.0,199.96445257094553,28.0,0.0
0.0,0.0,14180.0,5335.0,199.99999310783787,64.0,16660.0
0.0,0.0,87180.0,26022.0,200.0000083222121,2.0,22550.0
0.0,0.0,0.0,0.0,154.7352868537181,6.0,0.0
0.0,0.0,0.0,0.0,199.99999950000222,67.0,0.0
0.0,0.0,25220.0,3959.0,200.00000739673092,62.0,3400.0
15.0,580.0,3730.0,328.0,200.0,245.0,2460.0
0.0,0.0,0.0,0.0,302.0,0.0,0.0
0.0,0.0,0.0,0.0,202.93876809728317,64.0,0.0
0.0,0.0,0.0,0.0,200.0,62.0,0.0
0.0,0.0,26850.0,726.0,200.0000035347707,2.0,1675.0
0.0,0.0,14620.0,4771.0,200.00000977203027,3.0,3415.0
0.0,0.0,3460.0,585.0,200.0,260.0,1610.0
0.0,0.0,20600.0,90944.0,200.00000573329854,62.0,13200.0
0.0,0.0,0.0,0.0,200.78261298786273,61.0,0.0
0.0,0.0,9050.0,3153745.0,200.00000660758036,0.0,847555.0
0.0,0.0,0.0,0.0,203.0,2.0,0.0
0.0,0.0,9050.0,5012.0,200.00001042976035,2.0,4425.0
65537.0,0.0,0.0,0.0,206.0,310.0,0.0
912.0,6730.0,0.0,0.0,200.0,136.0,0.0
0.0,0.0,0.0,0.0,199.99998459950712,246.0,0.0
0.0,0.0,0.0,0.0,199.97307369511952,27.0,0.0
0.0,0.0,10910.0,6577.0,199.9999979909004,128.0,7120.0
0.0,0.0,0.0,0.0,302.0,479.0,0.0
255.0,0.0,0.0,0.0,302.0,241.0,0.0
0.0,0.0,0.0,0.0,101.00183597796827,3.0,0.0
0.0,8980.0,0.0,0.0,200.0,256.0,0.0
2066.0,0.0,2240.0,2642.0,200.0,3.0,400.0
0.0,0.0,14080.0,6073.0,200.0000123308559,248.0,6595.0
0.0,0.0,4890.0,1583.0,200.0,95.0,6350.0
0.0,0.0,2650.0,256.0,302.0,0.0,220.0
0.0,0.0,5570.0,414.0,409.0,76.0,1005.0
0.0,0.0,3010.0,229.0,200.0,127.0,1125.0
781904.0,0.0,5810.0,782341.0,200.0,4.0,3275.0
0.0,0.0,0.0,0.0,201.3210903257954,59.0,0.0
0.0,0.0,0.0,0.0,236.31478052570245,776.0,0.0
0.0,0.0,8340.0,391.0,199.99999515455139,1.0,990.0
0.0,0.0,1770.0,6500.0,200.00000782259175,3.0,45595.0
0.0,0.0,29730.0,867.0,199.999996312897,1.0,62750.0
0.0,0.0,0.0,0.0,200.37870332342527,66.0,0.0
178036.0,0.0,2910.0,178575.0,200.0,1.0,2950.0
1776.0,750.0,4730.0,2266.0,200.0,65.0,825.0
379.0,0.0,2380.0,835.0,200.0,7.0,605.0
0.0,0.0,0.0,0.0,203.0,2.0,0.0
0.0,0.0,0.0,0.0,200.0000219998644,62.0,0.0
0.0,0.0,14750.0,159549.0,199.99998519328392,0.0,8670.0
0.0,0.0,0.0,0.0,200.3726344331085,69.0,0.0
0.0,0.0,0.0,0.0,199.97307369511952,27.0,0.0
43.0,0.0,0.0,0.0,200.0,74.0,0.0
0.0,0.0,58800.0,26799.0,200.8577038326841,65.0,3025.0
0.0,0.0,2800.0,4703.0,200.0000035708149,60.0,1000.0
0.0,0.0,0.0,0.0,101.00061799258408,3.0,0.0
0.0,0.0,0.0,0.0,101.00061799258408,3.0,0.0
0.0,0.0,6790.0,3588.0,200.0000093676183,2.0,2845.0
0.0,0.0,0.0,0.0,201.3210903257954,59.0,0.0
0.0,0.0,0.0,0.0,302.0,215.0,0.0
0.0,0.0,0.0,0.0,201.32942971453633,45.0,0.0
36.0,3430.0,4390.0,186.0,200.0,232.0,2295.0
0.0,0.0,18260.0,4204.0,199.99999746169055,62.0,1960.0
0.0,0.0,0.0,0.0,200.0,257.0,0.0
0.0,0.0,2960.0,4647.0,200.00001348533826,57.0,985.0
364.0,0.0,0.0,0.0,200.0,3.0,0.0
940.0,0.0,0.0,0.0,200.0,69.0,0.0
0.0,22830.0,0.0,0.0,200.0,133.0,0.0
12.0,8460.0,11530.0,184.0,200.0,4.0,195.0
0.0,0.0,0.0,0.0,200.0000219998644,62.0,0.0
0.0,0.0,9070.0,4535.0,199.99999616488245,2.0,2500.0
0.0,0.0,122780.0,1262.0,200.0000036642938,2.0,1965.0
0.0,0.0,10120.0,5802.0,200.00000353786734,4.0,1600.0
0.0,0.0,23070.0,1805.0,199.99999376379137,2.0,500.0
0.0,0.0,38300.0,726.0,199.99998895124804,2.0,2675.0
0.0,0.0,0.0,0.0,199.97307369511952,27.0,0.0
0.0,0.0,0.0,0.0,204.0,2.0,0.0
82.0,0.0,0.0,0.0,200.0,5.0,0.0
0.0,0.0,63340.0,13880.0,199.99999258792627,25.0,4525.0
0.0,0.0,14060.0,5192.0,199.99999697365269,59.0,1600.0
0.0,0.0,0.0,0.0,203.0,2.0,0.0
47.0,2220.0,0.0,0.0,200.0,456.0,0.0
60.0,850.0,0.0,0.0,200.0,464.0,0.0
0.0,0.0,0.0,0.0,203.99997450016255,63.0,0.0
0.0,0.0,0.0,0.0,199.99999950000222,67.0,0.0
0.0,0.0,2970.0,3635.0,200.00001197567215,65.0,1750.0
0.0,0.0,0.0,0.0,201.3210903257954,59.0,0.0
271.0,0.0,0.0,0.0,302.0,3.0,0.0
0.0,0.0,3040.0,3192.0,200.00000359041107,62.0,925.0
0.0,0.0,13270.0,5582.0,200.00001066402086,33.0,2095.0
0.0,0.0,12970.0,368.0,200.0,233.0,5220.0
0.0,0.0,0.0,0.0,201.39316955784423,58.0,0.0
0.0,0.0,5140.0,7461.0,199.99999604085,4.0,2660.0
16.0,0.0,3620.0,223.0,200.0,2.0,150.0
21.0,0.0,11950.0,456.0,200.0,308.0,1720.0
0.0,0.0,44390.0,16248.0,199.99999081439904,2.0,3195.0
0.0,0.0,44180.0,4587.0,199.99999558792643,2.0,64000.0
0.0,0.0,0.0,0.0,101.00061799258408,3.0,0.0
0.0,0.0,14330.0,3208.0,200.0000136403857,231.0,4850.0
0.0,0.0,0.0,0.0,203.49284631996505,282.0,0.0
0.0,0.0,55830.0,4135.0,200.0,62.0,2000.0
0.0,0.0,0.0,0.0,203.0,2.0,0.0
0.0,0.0,19150.0,11471.0,200.0000085475404,74.0,15945.0
0.0,0.0,0.0,0.0,200.0000219998644,62.0,0.0
0.0,0.0,13770.0,355579.0,200.0,1.0,20345.0
0.0,0.0,0.0,0.0,199.96445257094553,28.0,0.0
0.0,0.0,10980.0,10138.0,200.00000693667104,14.0,1850.0
0.0,0.0,8400.0,376.0,200.0,1.0,1450.0
0.0,0.0,0.0,0.0,101.00061799258408,3.0,0.0
0.0,0.0,3070.0,3937.0,200.0000114703164,2.0,700.0
0.0,0.0,6930.0,340.0,200.0,64.0,460.0
348.0,0.0,0.0,0.0,200.0,4.0,0.0
0.0,0.0,4130.0,146.0,242.43337107606175,1.0,195.0
0.0,0.0,0.0,0.0,200.78261298786273,61.0,0.0
21.0,0.0,11950.0,456.0,200.0,297.0,1645.0
0.0,0.0,5310.0,3986.0,200.0000030638421,59.0,1420.0
41.0,0.0,2330.0,375.0,200.0,60.0,675.0
0.0,0.0,31230.0,4740.0,200.0000110211208,27.0,2000.0
0.0,0.0,11770.0,236.0,199.9999913284066,1.0,3095.0
0.0,0.0,0.0,0.0,201.16493250824607,60.0,0.0
0.0,0.0,0.0,0.0,200.0,253.0,0.0
0.0,18740.0,21820.0,186.0,200.0,283.0,3330.0
967.0,0.0,0.0,0.0,200.0,3.0,0.0
0.0,0.0,27990.0,1374.0,200.00001757703194,2.0,1525.0
4822.0,0.0,0.0,0.0,200.0,3.0,0.0
123378.0,0.0,3380.0,123538.0,200.0,2.0,4750.0
0.0,0.0,3198000.0,1517.0,200.0,62.0,15945.0
0.0,0.0,0.0,0.0,101.00061799258408,3.0,0.0
0.0,0.0,0.0,0.0,302.0,1.0,0.0
0.0,0.0,34000.0,3290.0,200.00000451168134,61.0,5780.0
0.0,0.0,0.0,0.0,302.0,1.0,0.0
0.0,0.0,0.0,0.0,203.0,2.0,0.0
0.0,0.0,0.0,0.0,302.0,1.0,0.0
0.0,0.0,8800.0,133726.0,200.0,0.0,18825.0
0.0,0.0,0.0,0.0,199.97307369511952,27.0,0.0
0.0,0.0,8050.0,3673.0,200.00000612789856,69.0,7775.0
0.0,0.0,19110.0,3381.0,200.0,259.0,7010.0
0.0,0.0,0.0,0.0,199.9999925544036,239.0,0.0
0.0,0.0,0.0,0.0,199.99998975919357,262.0,0.0
0.0,0.0,24150.0,5387.0,199.99999636264488,62.0,29375.0
0.0,0.0,4890.0,1581.0,200.0,100.0,6050.0
0.0,0.0,17600.0,52262.0,199.99999598178408,27.0,31560.0
4.0,0.0,2080.0,460.0,200.0,256.0,4600.0
0.0,0.0,5910.0,172.0,204.0,234.0,4610.0
0.0,0.0,0.0,0.0,199.9208354091803,32.0,0.0
0.0,0.0,0.0,0.0,203.0,2.0,0.0
0.0,0.0,27950.0,3518.0,200.00000541250193,207.0,5050.0
0.0,0.0,0.0,0.0,203.99997450016255,63.0,0.0
0.0,0.0,0.0,0.0,199.95251627028063,29.0,0.0
0.0,0.0,0.0,0.0,199.99999855204214,260.0,0.0
0.0,0.0,6250.0,6304.0,200.00000114168398,62.0,1695.0
0.0,0.0,0.0,0.0,200.0,153.0,0.0
21748.0,0.0,0.0,0.0,200.0,39.0,0.0
21464.0,0.0,2500.0,22073.0,200.0,10.0,1100.0
14.0,1210.0,0.0,0.0,200.0,6.0,0.0
0.0,0.0,13630.0,5177.0,200.00001267117008,63.0,3500.0
0.0,0.0,8960.0,2066.0,200.0,2.0,660.0
0.0,0.0,4700.0,4758.0,200.00000332941218,64.0,920.0
0.0,0.0,0.0,0.0,200.37870332342527,66.0,0.0
174.0,0.0,13640.0,353.0,200.0,261.0,1550.0
78098.0,0.0,0.0,0.0,200.0,0.0,0.0
0.0,0.0,26620.0,4265.0,200.0000022860464,63.0,2300.0
715.0,9650.0,13110.0,1009.0,200.0,127.0,5415.0
0.0,0.0,0.0,0.0,201.63636034973405,65.0,0.0
58585.0,0.0,0.0,0.0,200.0,6.0,0.0
0.0,0.0,0.0,0.0,199.97307369511952,27.0,0.0
31955.0,0.0,0.0,0.0,200.0,6.0,0.0
1137408.0,0.0,0.0,0.0,200.0,0.0,0.0
2984.0,0.0,0.0,0.0,200.0,389.0,0.0
6314.0,0.0,0.0,0.0,200.0,410.0,0.0
0.0,0.0,9010.0,5901.0,199.99998168681302,61.0,6945.0
12959.0,6320.0,8080.0,13097.0,200.0,98.0,8020.0
0.0,0.0,0.0,0.0,199.99999530979858,249.0,0.0
9758.0,0.0,0.0,0.0,200.0,1.0,0.0
944.0,0.0,4360.0,1115.0,200.0,60.0,450.0
0.0,0.0,0.0,0.0,200.37870332342527,66.0,0.0
10632.0,0.0,1490.0,10812.0,200.0,1.0,350.0
385968.0,0.0,5020.0,386405.0,200.0,4.0,2495.0
0.0,0.0,6680.0,7248.0,200.0,2640.0,20825.0
0.0,0.0,6570.0,3387.0,200.0000040066642,2.0,2460.0
0.0,0.0,0.0,0.0,199.9208354091803,32.0,0.0
0.0,0.0,0.0,0.0,203.99997450016255,63.0,0.0
0.0,0.0,30030.0,3607.0,200.0000063369818,228.0,13285.0
30292.0,9840.0,11580.0,30393.0,200.0,10.0,510.0
0.0,0.0,0.0,0.0,302.0,1.0,0.0
0.0,0.0,0.0,0.0,200.0000219998644,62.0,0.0
0.0,0.0,0.0,0.0,118.16666666666667,4.0,0.0
0.0,0.0,0.0,0.0,200.20997058568523,33.0,0.0
0.0,0.0,0.0,0.0,200.78261298786273,61.0,0.0
0.0,0.0,47890.0,5773.0,199.9999973376859,246.0,6235.0
0.0,0.0,0.0,0.0,199.99999270147237,259.0,0.0
0.0,0.0,8040.0,4750.0,199.9999931306731,2.0,5360.0
0.0,0.0,5740.0,40375.0,200.00001269852234,59.0,2505.0
21.0,3500.0,0.0,0.0,200.0,244.0,0.0
101578.0,0.0,0.0,0.0,200.0,128.0,0.0
100423.0,0.0,0.0,0.0,200.0,120.0,0.0
0.0,2920.0,4610.0,223.0,200.0,254.0,2070.0
0.0,0.0,6970.0,269.0,199.9999963362386,2.0,655.0
0.0,0.0,0.0,0.0,101.00123598516818,3.0,0.0
46.0,6620.0,20830.0,390.0,200.0,351.0,1935.0
0.0,0.0,4530.0,443.0,304.0,60.0,450.0
0.0,0.0,0.0,0.0,101.00123598516818,3.0,0.0
0.0,0.0,0.0,0.0,202.93876809728317,64.0,0.0
0.0,0.0,0.0,0.0,200.0000219998644,62.0,0.0
0.0,0.0,0.0,0.0,197.98791313420935,17.0,0.0
15.0,0.0,4860.0,266.0,200.0,63.0,500.0
0.0,5800.0,7520.0,282.0,200.0,242.0,1345.0
173152.0,0.0,4210.0,173607.0,200.0,1.0,950.0
0.0,0.0,6300.0,288.0,269.0861511432883,2.0,1345.0
0.0,0.0,8330.0,391.0,200.00000929102424,0.0,1425.0
21.0,1120.0,0.0,0.0,200.0,241.0,0.0
0.0,6780.0,8210.0,170.0,200.0,248.0,1550.0
0.0,0.0,0.0,0.0,203.0,2.0,0.0
9442.0,0.0,1490.0,9621.0,200.0,2.0,375.0
0.0,0.0,0.0,0.0,201.3210903257954,59.0,0.0
0.0,0.0,0.0,0.0,203.80060935714127,288.0,0.0
0.0,0.0,0.0,0.0,101.00121798538417,3.0,0.0
0.0,0.0,8730.0,5734.0,200.00000472414982,3.0,12060.0
9274.0,0.0,1490.0,9453.0,200.0,2.0,300.0
0.0,0.0,0.0,0.0,203.0,2.0,0.0
0.0,0.0,8160.0,3961.0,199.999993857353,60.0,1460.0
0.0,0.0,0.0,0.0,202.93876809728317,64.0,0.0
32790.0,0.0,0.0,0.0,200.0,1.0,0.0
0.0,0.0,0.0,0.0,203.0,2.0,0.0
0.0,0.0,0.0,0.0,172.99999385721577,5.0,0.0
8439.0,0.0,3500.0,21153.0,200.0,905.0,65625.0
0.0,0.0,119870.0,2276912.0,200.0000063417967,2.0,63830.0
0.0,0.0,0.0,0.0,203.0,2.0,0.0
0.0,0.0,33100.0,5630.0,200.00001236939568,64.0,28165.0
424512.0,0.0,5410.0,425143.0,200.0,32.0,2000.0
0.0,0.0,0.0,0.0,203.99997450016255,63.0,0.0
0.0,0.0,10870.0,6841.0,199.9999906178833,2.0,2225.0
0.0,0.0,0.0,0.0,234.6830418623531,455.0,0.0
0.0,0.0,0.0,0.0,219.36810743864112,122.0,0.0
0.0,0.0,0.0,0.0,203.0,2.0,0.0
0.0,0.0,0.0,0.0,200.0,255.0,0.0
0.0,0.0,0.0,0.0,200.0000219998644,62.0,0.0
24.0,6490.0,8790.0,146.0,200.0,277.0,3535.0
0.0,0.0,11570.0,5686.0,200.00001161280062,267.0,7295.0
0.0,0.0,0.0,0.0,203.0,2.0,0.0
0.0,0.0,0.0,0.0,200.03781826424748,310.0,0.0
0.0,0.0,66750.0,5631.0,200.0000049988108,27.0,4645.0
0.0,0.0,32620.0,15424.0,200.00000406259318,128.0,25285.0
0.0,0.0,0.0,0.0,203.0,2.0,0.0
4894.0,0.0,3170.0,5073.0,200.0,3.0,575.0
50.0,1190.0,0.0,0.0,200.0,246.0,0.0
4424.0,0.0,1490.0,4603.0,200.0,1.0,850.0
0.0,0.0,4890.0,1582.0,200.0,8.0,6100.0
0.0,0.0,27120.0,5045.0,199.99999513359356,64.0,35010.0
0.0,0.0,10500.0,1443.0,199.99999554083516,301.0,10145.0
0.0,0.0,33560.0,178458.0,200.0,2.0,52645.0
0.0,0.0,30970.0,7781.0,199.99999699292218,27.0,1545.0
0.0,0.0,0.0,0.0,199.97307369511952,27.0,0.0
73491.0,0.0,2170.0,74015.0,200.0,8.0,550.0
364.0,0.0,1210.0,472.0,200.0,2.0,745.0
0.0,0.0,41030.0,4278.0,200.0000136986977,2.0,3300.0
0.0,0.0,11350.0,14577.0,200.0,132.0,1705.0
0.0,0.0,8910.0,12760.0,199.99998766700924,1.0,1085.0
0.0,0.0,0.0,0.0,201.3210903257954,59.0,0.0
0.0,0.0,0.0,0.0,203.99997450016255,63.0,0.0
0.0,0.0,0.0,0.0,302.0,0.0,0.0
0.0,0.0,0.0,0.0,203.99997450016255,63.0,0.0
0.0,0.0,34670.0,1682.0,200.00000897006277,2.0,27800.0
0.0,0.0,0.0,0.0,199.99999270147237,259.0,0.0
0.0,0.0,0.0,0.0,201.3210903257954,59.0,0.0
510048.0,0.0,4810.0,510485.0,200.0,0.0,3795.0
0.0,0.0,20340.0,3468.0,199.99998871599536,62.0,2075.0
21.0,0.0,11950.0,456.0,200.0,288.0,1745.0
0.0,0.0,0.0,0.0,302.0,1.0,0.0
2439.0,0.0,3580.0,2693.0,200.0,1.0,200.0
0.0,0.0,0.0,0.0,118.16666666666667,4.0,0.0
0.0,0.0,9060.0,5614.0,200.00000151454293,7.0,1125.0
0.0,0.0,0.0,0.0,172.99999385721577,5.0,0.0
0.0,0.0,9060.0,5614.0,200.00000303340593,3.0,1125.0
0.0,0.0,9060.0,5614.0,199.9999908846629,2.0,1075.0
0.0,0.0,13410.0,1207.0,232.83066714354328,2.0,1985.0
0.0,0.0,0.0,0.0,200.37870332342527,66.0,0.0
0.0,0.0,9060.0,5614.0,199.99999542124849,2.0,925.0
0.0,0.0,0.0,0.0,203.0,2.0,0.0
0.0,0.0,0.0,0.0,201.3210903257954,59.0,0.0
0.0,0.0,0.0,0.0,200.868759337045,73.0,0.0
0.0,0.0,12850.0,22300.0,201.60459255982389,3.0,3935.0
0.0,0.0,0.0,0.0,302.0,0.0,0.0
495.0,1160.0,2920.0,631.0,200.0,356.0,3290.0
33450.0,0.0,0.0,0.0,200.0,16.0,0.0
0.0,0.0,0.0,0.0,101.00121798538417,3.0,0.0
0.0,0.0,0.0,0.0,200.0000219998644,62.0,0.0
11.0,0.0,13890.0,6569.0,200.0,294.0,1600.0
0.0,0.0,0.0,0.0,202.93876809728317,64.0,0.0
0.0,0.0,5460.0,385.0,287.48328796346203,63.0,2175.0
0.0,28040.0,0.0,0.0,200.0,263.0,0.0
0.0,0.0,0.0,0.0,200.03781826424748,310.0,0.0
0.0,0.0,0.0,0.0,302.0,1.0,0.0
0.0,0.0,0.0,0.0,203.49284631996505,282.0,0.0
0.0,0.0,3070.0,3937.0,200.00000780283423,1.0,2445.0
0.0,0.0,0.0,0.0,199.96445257094553,28.0,0.0
0.0,0.0,0.0,0.0,200.0,257.0,0.0
0.0,0.0,33710.0,3614.0,200.0,27.0,1430.0
0.0,0.0,12420.0,5858.0,199.9999974218881,61.0,4400.0
0.0,0.0,33360.0,3576.0,199.999995883253,62.0,4120.0
0.0,0.0,0.0,0.0,302.0,1.0,0.0
0.0,0.0,0.0,0.0,203.8355454763358,289.0,0.0
0.0,0.0,11150.0,548.0,199.9999913372662,2.0,1360.0
0.0,0.0,0.0,0.0,203.0,2.0,0.0
0.0,0.0,2950.0,3913.0,200.0,60.0,1045.0
0.0,0.0,9990.0,5659.0,200.0,68.0,1900.0
0.0,0.0,0.0,0.0,203.0,2.0,0.0
131.0,0.0,0.0,0.0,200.0,1198.0,0.0
0.0,0.0,13190.0,3208.0,199.99999604995605,237.0,9100.0
0.0,0.0,0.0,0.0,199.99998459950712,246.0,0.0
0.0,0.0,17880.0,3317.0,200.0,2.0,7275.0
0.0,0.0,0.0,0.0,204.0000046874719,295.0,0.0
0.0,0.0,0.0,0.0,199.97307369511952,27.0,0.0
0.0,0.0,5010.0,183.0,200.85673923998655,2.0,6435.0
0.0,0.0,4190.0,152.0,200.76526237071516,1.0,5645.0
0.0,0.0,0.0,0.0,203.0,2.0,0.0
0.0,0.0,0.0,0.0,201.3210903257954,59.0,0.0
0.0,0.0,121370.0,1325.0,200.00000713991957,1.0,5240.0
0.0,0.0,46170.0,3867.0,200.00000426037212,62.0,5795.0
0.0,0.0,0.0,0.0,118.16666666666667,4.0,0.0
2630.0,0.0,6400.0,3078.0,200.0,2.0,200.0
0.0,6020.0,0.0,0.0,200.0,65.0,0.0
421.0,0.0,3480.0,971.0,200.0,2.0,250.0
5.0,830.0,3160.0,202.0,200.0,398.0,2850.0
0.0,0.0,0.0,0.0,132.84351184278427,12.0,0.0
0.0,0.0,0.0,0.0,302.0,1.0,0.0
0.0,0.0,0.0,0.0,302.0,1.0,0.0
0.0,0.0,8040.0,48159.0,200.0000009182157,2.0,8415.0
0.0,0.0,0.0,0.0,302.0,0.0,0.0
0.0,0.0,45310.0,3232.0,200.0000067247533,63.0,39175.0
0.0,0.0,7520.0,5604.0,199.99998880380528,300.0,10200.0
0.0,0.0,0.0,0.0,201.96019601209613,346.0,0.0
3906.0,0.0,3950.0,4546.0,200.0,62.0,7205.0
0.0,0.0,0.0,0.0,302.0,0.0,0.0
0.0,0.0,0.0,0.0,302.0,0.0,0.0
0.0,0.0,0.0,0.0,302.0,0.0,0.0
0.0,0.0,0.0,0.0,302.0,1.0,0.0
0.0,0.0,25790.0,3924.0,200.0000101493569,65.0,12235.0
0.0,0.0,0.0,0.0,302.0,0.0,0.0
0.0,0.0,0.0,0.0,200.7920711889026,72.0,0.0
0.0,0.0,1040800.0,11576206.0,199.9999958208345,29.0,160460.0
471.0,830.0,0.0,0.0,200.0,34.0,0.0
4798.0,0.0,2610.0,4946.0,200.0,59.0,905.0
0.0,0.0,6920.0,5630.0,200.0,125.0,7040.0
0.0,0.0,3140.0,229.0,200.0,132.0,5700.0
0.0,0.0,12890.0,939.0,200.0,4.0,1650.0
0.0,0.0,17250.0,28034.0,199.9999948157579,2.0,6780.0
0.0,0.0,12580.0,7252.0,200.00001414234399,318.0,7170.0
0.0,0.0,0.0,0.0,214.20576401222286,121.0,0.0
0.0,0.0,6500.0,307.0,279.3364393952262,1.0,1845.0
0.0,0.0,0.0,0.0,199.9999982739968,252.0,0.0
21954.0,0.0,5560.0,22291.0,200.0,277.0,6750.0
0.0,0.0,12020.0,162366.0,200.0,5.0,50850.0
0.0,0.0,0.0,0.0,203.0,2.0,0.0
0.0,0.0,6400.0,5917.0,200.0,67.0,1145.0
0.0,0.0,5650.0,3498.0,200.00001021579018,32.0,1725.0
0.0,0.0,8430.0,5360.0,200.0,2.0,3955.0
0.0,0.0,3080.0,143.0,201.27242321051318,2.0,395.0
271.0,0.0,0.0,0.0,302.0,3.0,0.0
0.0,0.0,0.0,0.0,302.0,0.0,0.0
0.0,0.0,0.0,0.0,302.0,0.0,0.0
0.0,0.0,0.0,0.0,302.0,0.0,0.0
247032.0,0.0,7160.0,247501.0,200.0,15.0,1275.0
43.0,0.0,13550.0,3899.0,200.0,369.0,2145.0
0.0,0.0,0.0,0.0,203.0,2.0,0.0
0.0,0.0,0.0,0.0,200.27700879950967,34.0,0.0
0.0,0.0,0.0,0.0,203.2616513074884,280.0,0.0
0.0,0.0,0.0,0.0,203.0,2.0,0.0
0.0,0.0,0.0,0.0,101.00121798538417,3.0,0.0
0.0,0.0,9850.0,11763.0,199.9999970330741,63.0,6800.0
0.0,0.0,5660.0,3939.0,200.00000329971343,62.0,3695.0
27626.0,0.0,2060.0,28081.0,200.0,14.0,325.0
0.0,0.0,9020.0,6121.0,199.99999740969284,255.0,4795.0
0.0,0.0,45100.0,16118.0,200.0,2.0,2240.0
2372.0,1050.0,2840.0,2509.0,200.0,743.0,5090.0
58.0,17700.0,21200.0,210.0,200.0,5.0,245.0
0.0,0.0,0.0,0.0,285.51710003752453,132.0,0.0
0.0,0.0,0.0,0.0,302.0,1.0,0.0
0.0,0.0,0.0,0.0,199.31614849290497,20.0,0.0
0.0,0.0,3040.0,3193.0,199.99999814691964,58.0,1200.0
0.0,0.0,0.0,0.0,203.99997450016255,63.0,0.0
0.0,0.0,0.0,0.0,203.0,2.0,0.0
2855.0,1060.0,2850.0,2992.0,200.0,300.0,2935.0
0.0,0.0,0.0,0.0,203.70154936593244,300.0,0.0
0.0,0.0,0.0,0.0,200.78261298786273,61.0,0.0
0.0,0.0,0.0,0.0,199.97307369511952,27.0,0.0
0.0,0.0,9480.0,4522.0,200.000004523926,2.0,4475.0
362848.0,0.0,4820.0,363285.0,200.0,11.0,2500.0
0.0,0.0,0.0,0.0,200.0,478.0,0.0
0.0,0.0,0.0,0.0,199.96445257094553,28.0,0.0
0.0,0.0,0.0,0.0,203.0,2.0,0.0
0.0,0.0,0.0,0.0,203.0,2.0,0.0
0.0,0.0,12360.0,55693.0,200.0000002791425,2.0,17710.0
0.0,0.0,0.0,0.0,302.0,1.0,0.0
0.0,0.0,3460.0,589.0,200.0,257.0,1820.0
0.0,0.0,0.0,0.0,201.63636034973405,65.0,0.0
0.0,0.0,0.0,0.0,101.00121798538417,3.0,0.0
0.0,0.0,22980.0,3834.0,200.0000168453093,2.0,27150.0
0.0,0.0,32290.0,65823.0,200.0000034186143,5.0,11950.0
0.0,0.0,0.0,0.0,203.0,2.0,0.0
16.0,0.0,3620.0,223.0,200.0,2.0,200.0
7678.0,0.0,14200.0,8032.0,200.0,274.0,1645.0
0.0,0.0,18820.0,2035.0,199.99999397008003,2.0,645.0
65932.0,0.0,2060.0,66448.0,200.0,5.0,700.0
0.0,0.0,0.0,0.0,203.0,2.0,0.0
0.0,0.0,2870.0,102.0,204.0,1.0,1770.0
0.0,0.0,0.0,0.0,203.0,2.0,0.0
0.0,0.0,0.0,0.0,203.0,2.0,0.0
0.0,0.0,0.0,0.0,202.93876809728317,64.0,0.0
0.0,0.0,0.0,0.0,101.00123598516818,3.0,0.0
501408.0,0.0,4770.0,501845.0,200.0,1.0,1200.0
0.0,0.0,2840.0,482.0,200.0,219.0,2620.0
0.0,0.0,5780.0,4243.0,199.9999926382236,13.0,1595.0
0.0,0.0,68310.0,2899.0,200.0,28.0,3595.0
0.0,0.0,0.0,0.0,302.0,1.0,0.0
14235.0,0.0,1970.0,15652.0,200.0,4.0,34170.0
0.0,0.0,0.0,0.0,302.0,1.0,0.0
0.0,0.0,7010.0,652.0,502.0,66.0,555.0
0.0,0.0,0.0,0.0,172.99999385721577,5.0,0.0
0.0,0.0,39660.0,3151.0,199.99999448799053,52.0,2115.0
0.0,0.0,0.0,0.0,225.3241284549596,123.0,0.0
0.0,0.0,0.0,0.0,297.31099491025105,135.0,0.0
0.0,0.0,17170.0,523.0,199.99999415279086,117.0,2405.0
0.0,0.0,0.0,0.0,201.44610169127637,56.0,0.0
0.0,0.0,9680.0,3332.0,200.00001211364,66.0,12495.0
0.0,0.0,0.0,0.0,200.78261298786273,61.0,0.0
1674.0,0.0,2240.0,2250.0,200.0,3.0,170.0
1640.0,0.0,2240.0,2216.0,200.0,2.0,195.0
0.0,0.0,4620.0,302.0,304.0,24.0,295.0
0.0,0.0,421860.0,7220.0,200.0,62.0,36910.0
0.0,0.0,0.0,0.0,101.00061799258408,3.0,0.0
1236672.0,0.0,6940.0,1237119.0,200.0,0.0,29860.0
0.0,0.0,46040.0,7384.0,200.0,27.0,3940.0
0.0,0.0,0.0,0.0,302.0,1.0,0.0
37.0,1510.0,0.0,0.0,200.0,4.0,0.0
0.0,0.0,0.0,0.0,302.0,1.0,0.0
0.0,0.0,0.0,0.0,302.0,0.0,0.0
0.0,0.0,0.0,0.0,302.0,1.0,0.0
371.0,0.0,6690.0,654.0,200.0,1.0,905.0
0.0,0.0,9640.0,3236.0,199.9999953845259,2.0,1360.0
21.0,3840.0,0.0,0.0,200.0,235.0,0.0
0.0,3580.0,6570.0,478.0,204.0,62.0,2150.0
0.0,0.0,12880.0,3316.0,200.00000781372455,4.0,1405.0
0.0,7380.0,9970.0,288.0,200.0,101.0,725.0
0.0,0.0,0.0,0.0,199.97307369511952,27.0,0.0
0.0,0.0,0.0,0.0,200.0,67.0,0.0
0.0,0.0,0.0,0.0,203.0,2.0,0.0
0.0,0.0,10000.0,862.0,327.83711744555774,2.0,2265.0
3243.0,0.0,3520.0,3787.0,200.0,0.0,290.0
0.0,0.0,0.0,0.0,199.99999950000222,67.0,0.0
25.0,1210.0,0.0,0.0,200.0,68.0,0.0
0.0,0.0,0.0,0.0,203.99997450016255,63.0,0.0
0.0,0.0,0.0,0.0,101.00061799258408,3.0,0.0
0.0,0.0,0.0,0.0,199.96445257094553,28.0,0.0
0.0,0.0,3930.0,219.0,302.0,0.0,150.0
0.0,0.0,2510.0,242.0,302.0,0.0,235.0
0.0,0.0,2320.0,83.0,204.0,2.0,150.0
0.0,0.0,17180.0,5685.0,199.99999032499252,256.0,4695.0
0.0,0.0,0.0,0.0,204.0,2.0,0.0
0.0,0.0,0.0,0.0,101.0,2.0,0.0
0.0,0.0,0.0,0.0,302.0,0.0,0.0
0.0,0.0,0.0,0.0,101.00183597796827,3.0,0.0
0.0,0.0,0.0,0.0,101.00183597796827,3.0,0.0
0.0,0.0,0.0,0.0,290.12574214906357,133.0,0.0
0.0,0.0,0.0,0.0,199.97307369511952,27.0,0.0
0.0,0.0,0.0,0.0,203.0,2.0,0.0
0.0,0.0,0.0,0.0,200.0000219998644,62.0,0.0
0.0,0.0,0.0,0.0,199.97307369511952,27.0,0.0
0.0,0.0,0.0,0.0,199.95251627028063,29.0,0.0
0.0,0.0,0.0,0.0,199.97402054415898,26.0,0.0
0.0,18980.0,0.0,0.0,200.0,288.0,0.0
0.0,0.0,14310.0,3423.0,200.00000395356085,67.0,3265.0
0.0,0.0,0.0,0.0,118.16666666666667,4.0,0.0
0.0,0.0,0.0,0.0,199.97307369511952,27.0,0.0
0.0,0.0,0.0,0.0,199.92927557263215,31.0,0.0
0.0,0.0,0.0,0.0,202.03837572091075,351.0,0.0
0.0,0.0,0.0,0.0,304.0,2.0,0.0
0.0,0.0,0.0,0.0,200.0000219998644,62.0,0.0
0.0,0.0,0.0,0.0,203.0,2.0,0.0
0.0,0.0,0.0,0.0,302.0,0.0,0.0
0.0,0.0,15060.0,3761.0,199.99999248916507,62.0,1865.0
0.0,0.0,0.0,0.0,101.00121798538417,3.0,0.0
0.0,0.0,0.0,0.0,200.0,311.0,0.0
2.0,0.0,0.0,0.0,200.0,26.0,0.0
0.0,0.0,0.0,0.0,181.9999912065623,6.0,0.0
0.0,0.0,0.0,0.0,203.0,2.0,0.0
0.0,0.0,0.0,0.0,202.93876809728317,64.0,0.0
0.0,0.0,0.0,0.0,215.50823556263228,445.0,0.0
0.0,0.0,3060.0,3124.0,199.9999947273858,61.0,6275.0
0.0,0.0,10040.0,4775.0,199.9999960367297,264.0,7020.0
0.0,0.0,0.0,0.0,200.0,238.0,0.0
11.0,525870.0,0.0,0.0,200.0,903.0,0.0
0.0,0.0,12770.0,3845.0,200.00000675602317,62.0,1395.0
0.0,0.0,58060.0,5257.0,199.99998552771314,94.0,2805.0
0.0,0.0,8200.0,375.0,200.00000795625334,1.0,1895.0
0.0,0.0,0.0,0.0,201.42856498762097,57.0,0.0
0.0,0.0,0.0,0.0,201.63636034973405,65.0,0.0
0.0,0.0,5170.0,156.0,201.22901704644414,305.0,1525.0
0.0,0.0,39740.0,1030.0,200.0,1.0,2170.0
0.0,0.0,7990.0,5375.0,200.00000350181352,2.0,2225.0
0.0,0.0,0.0,0.0,201.63636034973405,65.0,0.0
0.0,0.0,0.0,0.0,200.0000219998644,62.0,0.0
0.0,0.0,9730.0,14118.0,200.0,59.0,1880.0
0.0,0.0,0.0,0.0,101.00121798538417,3.0,0.0
0.0,0.0,10630.0,921.0,327.27375705228064,3.0,1335.0
0.0,0.0,0.0,0.0,203.0,2.0,0.0
0.0,0.0,0.0,0.0,201.16493250824607,60.0,0.0
0.0,0.0,10890.0,59411.0,200.0000060912175,3.0,700.0
6130.0,0.0,0.0,0.0,200.0,183.0,0.0
0.0,0.0,0.0,0.0,152.0,4.0,0.0
0.0,0.0,0.0,0.0,199.85711977363692,23.0,0.0
403456.0,0.0,5410.0,404086.0,200.0,24.0,1800.0
0.0,10100.0,0.0,0.0,200.0,244.0,0.0
0.0,0.0,8260.0,615.0,385.19916447356405,2.0,1250.0
0.0,0.0,0.0,0.0,302.0,138.0,0.0
0.0,0.0,0.0,0.0,200.0000219998644,62.0,0.0
0.0,0.0,3800.0,5426.0,200.0,64.0,24550.0
0.0,0.0,79630.0,7425.0,199.99999540300604,126.0,80090.0
0.0,0.0,0.0,0.0,199.97307369511952,27.0,0.0
0.0,0.0,0.0,0.0,200.00000449204293,270.0,0.0
0.0,0.0,0.0,0.0,203.0,2.0,0.0
0.0,11520.0,0.0,0.0,200.0,526.0,0.0
0.0,0.0,0.0,0.0,200.00000948558264,238.0,0.0
0.0,0.0,0.0,0.0,203.0,2.0,0.0
0.0,0.0,0.0,0.0,101.00121798538417,3.0,0.0
0.0,0.0,0.0,0.0,200.0,182.0,0.0
0.0,0.0,0.0,0.0,152.0,4.0,0.0
0.0,0.0,0.0,0.0,101.00121798538417,3.0,0.0
0.0,0.0,9920.0,364.0,200.0,363.0,1820.0
335.0,150760.0,155870.0,459.0,200.0,1843.0,9650.0
0.0,0.0,10640.0,6139.0,199.9999933573642,8.0,3395.0
0.0,0.0,0.0,0.0,302.0,0.0,0.0
0.0,0.0,34460.0,16252.0,199.99999131639916,28.0,5500.0
258.0,6130.0,18050.0,400.0,200.0,433.0,3625.0
0.0,0.0,6300.0,3591.0,200.00000242529367,71.0,3000.0
29.0,8070.0,9760.0,120.0,200.0,308.0,1820.0
0.0,0.0,11260.0,632.0,199.99998580242695,3.0,1515.0
0.0,0.0,16350.0,3944.0,200.00000288789514,69.0,2200.0
0.0,0.0,0.0,0.0,302.0,0.0,0.0
0.0,0.0,0.0,0.0,200.78261298786273,61.0,0.0
50.0,2840.0,4400.0,185.0,200.0,246.0,2595.0
0.0,0.0,9400.0,34503.0,199.9999985236903,62.0,9870.0
0.0,0.0,0.0,0.0,199.96445257094553,28.0,0.0
11272.0,0.0,0.0,0.0,200.0,43.0,0.0
0.0,0.0,10630.0,7518.0,200.0000046430177,2.0,810.0
0.0,0.0,0.0,0.0,203.99997450016255,63.0,0.0
0.0,0.0,70160.0,48325.0,200.0,35.0,48085.0
0.0,0.0,1770.0,119.0,204.0,393.0,2100.0
0.0,0.0,37120.0,568547.0,199.99999364277588,0.0,16275.0
418.0,1780.0,0.0,0.0,200.0,211.0,0.0
0.0,0.0,62830.0,497189.0,200.0000048859817,0.0,54740.0
26.0,1070.0,0.0,0.0,200.0,249.0,0.0
0.0,0.0,20310.0,498.0,199.9999937959911,2.0,15055.0
26.0,1070.0,2790.0,319.0,200.0,262.0,13885.0
0.0,0.0,0.0,0.0,200.0000219998644,62.0,0.0
1150.0,0.0,7410.0,1344.0,200.0,282.0,2530.0
0.0,0.0,0.0,0.0,302.0,1.0,0.0
0.0,0.0,14950.0,6909.0,199.99999332944483,129.0,5125.0
0.0,0.0,0.0,0.0,203.99997450016255,63.0,0.0
0.0,0.0,0.0,0.0,200.6908260466009,71.0,0.0
0.0,0.0,149810.0,490271.0,200.0,27.0,10220.0
0.0,0.0,49230.0,214195.0,200.00000621318145,0.0,59700.0
0.0,0.0,10170.0,4689.0,199.99999216830992,2.0,11660.0
0.0,0.0,54190.0,19250.0,199.99999631524656,64.0,5645.0
0.0,0.0,0.0,0.0,201.63636034973405,65.0,0.0
0.0,0.0,36140.0,5207.0,199.9999967923147,59.0,8425.0
0.0,0.0,0.0,0.0,201.2539028366643,306.0,0.0
0.0,0.0,1760.0,13229.0,200.00001758915326,451.0,13130.0
0.0,0.0,9480.0,5635.0,200.0000048185303,2.0,12380.0
0.0,0.0,0.0,0.0,302.0,1.0,0.0
0.0,0.0,0.0,0.0,200.0000219998644,62.0,0.0
0.0,0.0,11990.0,5418.0,200.00000664012785,6.0,3860.0
0.0,0.0,0.0,0.0,160.01161934404817,8.0,0.0
0.0,0.0,0.0,0.0,201.3210903257954,59.0,0.0
0.0,0.0,0.0,0.0,203.98373373329204,297.0,0.0
56.0,5960.0,0.0,0.0,200.0,492.0,0.0
212.0,0.0,0.0,0.0,200.0,282.0,0.0
0.0,0.0,0.0,0.0,199.97307369511952,27.0,0.0
0.0,0.0,0.0,0.0,199.99998975919357,262.0,0.0
11722.0,0.0,6020.0,14518.0,200.0,1.0,43925.0
0.0,0.0,0.0,0.0,253.8266899030458,127.0,0.0
0.0,0.0,0.0,0.0,101.00061799258408,3.0,0.0
0.0,0.0,0.0,0.0,302.0,1.0,0.0
0.0,0.0,0.0,0.0,200.97511722092213,75.0,0.0
0.0,0.0,0.0,0.0,203.99997450016255,63.0,0.0
0.0,0.0,0.0,0.0,203.99997450016255,63.0,0.0
0.0,0.0,0.0,0.0,200.0000219998644,62.0,0.0
26.0,4000.0,5800.0,415.0,200.0,98.0,1245.0
0.0,0.0,17620.0,5139.0,200.0000032519697,63.0,2160.0
1121.0,0.0,5430.0,1330.0,200.0,307.0,1660.0
0.0,0.0,6150.0,409.0,302.3564127415809,2.0,2050.0
0.0,7690.0,12120.0,429.0,200.0,295.0,1575.0
0.0,0.0,32030.0,1277.0,200.0,2.0,24030.0
25380.0,0.0,0.0,0.0,200.0,0.0,0.0
0.0,0.0,5660.0,10105.0,199.99999294102366,61.0,1275.0
0.0,0.0,0.0,0.0,199.96445257094553,28.0,0.0
0.0,0.0,7620.0,4854.0,199.99999404679906,63.0,2890.0
0.0,0.0,5630.0,4157.0,200.0000105422883,3.0,2395.0
0.0,0.0,5630.0,4158.0,200.0,2.0,2365.0
0.0,0.0,2970.0,229.0,200.0,123.0,750.0
625.0,0.0,15640.0,837.0,200.0,252.0,1700.0
0.0,0.0,0.0,0.0,302.0,1.0,0.0
0.0,0.0,0.0,0.0,302.0,1.0,0.0
0.0,0.0,9120.0,5944.0,199.99998883344986,62.0,10145.0
0.0,0.0,0.0,0.0,203.99997450016255,63.0,0.0
0.0,0.0,0.0,0.0,199.99999529437028,256.0,0.0
7.0,24370.0,30080.0,437.0,200.0,448.0,3470.0
0.0,0.0,84930.0,13532.0,200.0,28.0,22165.0
34722.0,0.0,0.0,0.0,200.0,2.0,0.0
0.0,0.0,0.0,0.0,200.0000219998644,62.0,0.0
0.0,0.0,0.0,0.0,200.78261298786273,61.0,0.0
29.0,12210.0,0.0,0.0,200.0,218.0,0.0
0.0,0.0,8260.0,376.0,200.0,1.0,1175.0
0.0,0.0,0.0,0.0,203.0,2.0,0.0
0.0,0.0,8110.0,635.0,422.7223135536953,2.0,1645.0
0.0,0.0,0.0,0.0,194.70334955286935,11.0,0.0
0.0,0.0,0.0,0.0,203.99997450016255,63.0,0.0
0.0,0.0,2900.0,4041.0,200.0,63.0,1000.0
0.0,0.0,0.0,0.0,200.78261298786273,61.0,0.0
0.0,0.0,0.0,0.0,199.96445257094553,28.0,0.0
16.0,0.0,0.0,0.0,200.0,3.0,0.0
0.0,0.0,4970.0,4723.0,199.99999686656832,65.0,1375.0
0.0,0.0,0.0,0.0,203.0,2.0,0.0
0.0,3560.0,0.0,0.0,200.0,246.0,0.0
0.0,0.0,506230.0,2847127.0,199.99998446843531,1.0,78395.0
0.0,0.0,13650.0,1365393.0,199.99999056079452,0.0,35850.0
0.0,0.0,40100.0,512245.0,200.0000051993904,2.0,32255.0
1809.0,0.0,3500.0,2300.0,200.0,0.0,10545.0
0.0,0.0,4870.0,88726.0,200.0,515.0,3795.0
0.0,0.0,0.0,0.0,200.0000219998644,62.0,0.0
0.0,0.0,0.0,0.0,168.17927909089425,15.0,0.0
0.0,0.0,0.0,0.0,199.97402054415898,26.0,0.0
0.0,0.0,9750.0,4827.0,200.0000142598705,58.0,4050.0
0.0,0.0,0.0,0.0,302.0,0.0,0.0
1143056.0,0.0,5850.0,1143495.0,200.0,1.0,3075.0
0.0,0.0,0.0,0.0,203.0,2.0,0.0
0.0,0.0,9160.0,68364.0,199.99998911513708,0.0,3495.0
0.0,0.0,0.0,0.0,203.0,2.0,0.0
0.0,0.0,14410.0,6198.0,200.0000030838183,62.0,2330.0
0.0,0.0,0.0,0.0,196.9222754956829,14.0,0.0
0.0,0.0,6320.0,6359.0,200.0000027802986,258.0,14470.0
0.0,0.0,9340.0,489.0,271.4284440902573,2.0,1020.0
0.0,0.0,0.0,0.0,101.00121798538417,3.0,0.0
0.0,0.0,0.0,0.0,302.0,1.0,0.0
0.0,0.0,63410.0,3513.0,199.99999275403695,2.0,5545.0
0.0,0.0,0.0,0.0,203.99997450016255,63.0,0.0
0.0,0.0,6900.0,3387.0,199.9999962848401,4.0,2175.0
34561.0,2530.0,0.0,0.0,200.0,263.0,0.0
0.0,0.0,25040.0,5387.0,200.00000769040915,63.0,3000.0
0.0,0.0,0.0,0.0,199.95251627028063,29.0,0.0
0.0,0.0,9480.0,4549.0,200.0,2.0,20280.0
0.0,0.0,0.0,0.0,302.0,1.0,0.0
0.0,0.0,0.0,0.0,199.97307369511952,27.0,0.0
0.0,0.0,0.0,0.0,199.97307369511952,27.0,0.0
0.0,0.0,0.0,0.0,199.96445257094553,28.0,0.0
0.0,0.0,0.0,0.0,200.0000219998644,62.0,0.0
0.0,0.0,83490.0,60370.0,199.99999334665998,28.0,16455.0
0.0,0.0,0.0,0.0,199.9208354091803,32.0,0.0
0.0,0.0,0.0,0.0,212.21479094221775,396.0,0.0
0.0,0.0,0.0,0.0,199.96445257094553,28.0,0.0
711.0,9460.0,12860.0,1005.0,200.0,134.0,15550.0
0.0,0.0,0.0,0.0,201.04080888464722,91.0,0.0
0.0,0.0,6470.0,928.0,200.0,836.0,10465.0
0.0,0.0,0.0,0.0,200.868759337045,73.0,0.0
0.0,0.0,0.0,0.0,200.7920711889026,72.0,0.0
0.0,0.0,183680.0,11328.0,200.0,215.0,11005.0
0.0,0.0,21630.0,19131.0,200.0,125.0,5375.0
0.0,0.0,0.0,0.0,199.97307369511952,27.0,0.0
0.0,0.0,0.0,0.0,202.93876809728317,64.0,0.0
0.0,0.0,0.0,0.0,253.8266899030458,127.0,0.0
0.0,0.0,0.0,0.0,203.0,2.0,0.0
0.0,0.0,8280.0,630.0,385.9421381159616,1.0,1270.0
144.0,5100.0,0.0,0.0,200.0,59.0,0.0
0.0,0.0,16960.0,800.0,199.99999132675046,3.0,1500.0
235.0,0.0,2210.0,463.0,302.0,241.0,1375.0
0.0,0.0,0.0,0.0,101.00121798538417,3.0,0.0
269.0,0.0,0.0,0.0,200.0,6.0,0.0
0.0,0.0,8680.0,410.0,241.08443632313168,126.0,3875.0
0.0,0.0,0.0,0.0,203.0,2.0,0.0
0.0,0.0,0.0,0.0,200.37870332342527,66.0,0.0
0.0,0.0,0.0,0.0,157.98245713345585,7.0,0.0
0.0,0.0,0.0,0.0,203.0,2.0,0.0
0.0,0.0,13330.0,5195.0,200.00000316136797,71.0,3435.0
0.0,0.0,10120.0,203.0,230.9564517340824,1.0,4135.0
0.0,0.0,0.0,0.0,302.0,0.0,0.0
0.0,0.0,2960.0,3165.0,200.00000202056938,63.0,1730.0
0.0,0.0,0.0,0.0,239.04672640233835,125.0,0.0
16.0,0.0,0.0,0.0,200.0,2.0,0.0
0.0,0.0,0.0,0.0,201.3210903257954,59.0,0.0
0.0,0.0,0.0,0.0,302.0,1.0,0.0
0.0,0.0,3460.0,585.0,200.0,262.0,1795.0
0.0,0.0,122780.0,5166.0,199.99999048287876,61.0,18760.0
0.0,0.0,0.0,0.0,199.9999982739968,252.0,0.0
0.0,0.0,0.0,0.0,200.0000219998644,62.0,0.0
0.0,0.0,0.0,0.0,203.0,2.0,0.0
0.0,0.0,10640.0,961.0,330.74774586885576,3.0,810.0
0.0,0.0,0.0,0.0,203.0,2.0,0.0
0.0,0.0,0.0,0.0,202.31262179223134,304.0,0.0
0.0,0.0,8350.0,5202.0,200.00000328298376,261.0,1475.0
26.0,1060.0,2780.0,319.0,200.0,248.0,7425.0
0.0,0.0,0.0,0.0,215.36656189014374,192.0,0.0
0.0,0.0,35800.0,11789.0,200.00000412977437,303.0,25770.0
16828.0,0.0,2720.0,17205.0,200.0,140.0,975.0
21.0,7040.0,0.0,0.0,200.0,234.0,0.0
0.0,0.0,0.0,0.0,201.3210903257954,59.0,0.0
354016.0,0.0,4900.0,354453.0,200.0,0.0,6645.0
73.0,14220.0,18620.0,334.0,200.0,286.0,1625.0
0.0,0.0,0.0,0.0,203.99997450016255,63.0,0.0
0.0,0.0,0.0,0.0,118.16666666666667,4.0,0.0
0.0,0.0,0.0,0.0,203.0,2.0,0.0
0.0,0.0,0.0,0.0,200.0,429.0,0.0
0.0,0.0,5170.0,137.0,200.00000384534158,179.0,895.0
0.0,0.0,0.0,0.0,302.0,1.0,0.0
0.0,0.0,9010.0,92053.0,200.00001151325395,1.0,3680.0
0.0,0.0,0.0,0.0,267.971675806397,129.0,0.0
0.0,0.0,0.0,0.0,201.3210903257954,59.0,0.0
0.0,0.0,0.0,0.0,202.93876809728317,64.0,0.0
0.0,0.0,0.0,0.0,101.00121798538417,3.0,0.0
0.0,0.0,0.0,0.0,129.9122812056451,7.0,0.0
0.0,0.0,0.0,0.0,101.00183597796827,3.0,0.0
0.0,0.0,0.0,0.0,302.0,1.0,0.0
28157.0,0.0,18910.0,28511.0,200.0,281.0,1650.0
0.0,0.0,0.0,0.0,302.0,1.0,0.0
0.0,0.0,0.0,0.0,302.0,1.0,0.0
0.0,0.0,0.0,0.0,101.00183597796827,3.0,0.0
0.0,0.0,0.0,0.0,202.93876809728317,64.0,0.0
0.0,0.0,0.0,0.0,101.00183597796827,3.0,0.0
0.0,0.0,0.0,0.0,203.0,2.0,0.0
0.0,0.0,0.0,0.0,302.0,1.0,0.0
0.0,0.0,0.0,0.0,302.0,1.0,0.0
0.0,0.0,32680.0,913.0,200.0,255.0,44700.0
0.0,0.0,12490.0,4098.0,200.00000862847253,244.0,5915.0
0.0,0.0,0.0,0.0,201.39316955784423,58.0,0.0
0.0,0.0,0.0,0.0,219.36810743864112,122.0,0.0
0.0,0.0,0.0,0.0,302.0,1.0,0.0
141.0,0.0,11640.0,601.0,200.0,298.0,1490.0
0.0,0.0,8050.0,203.0,201.28747297138315,2.0,2605.0
0.0,0.0,0.0,0.0,203.99997450016255,63.0,0.0
0.0,0.0,0.0,0.0,302.0,0.0,0.0
0.0,0.0,0.0,0.0,302.0,1.0,0.0
0.0,0.0,14550.0,794.0,199.9999954475272,65.0,1260.0
0.0,0.0,0.0,0.0,302.0,1.0,0.0
0.0,0.0,4380.0,196.0,204.0,245.0,2865.0
0.0,0.0,0.0,0.0,200.7920711889026,72.0,0.0
0.0,0.0,4660.0,227.0,254.57781849993037,2.0,585.0
2.0,10410.0,12940.0,156.0,200.0,320.0,17795.0
0.0,0.0,8460.0,25676.0,200.87458205472208,243.0,5250.0
0.0,0.0,0.0,0.0,101.0,3.0,0.0
0.0,0.0,0.0,0.0,200.0000219998644,62.0,0.0
0.0,0.0,39180.0,7643.0,199.99998429566787,27.0,2235.0
0.0,0.0,0.0,0.0,202.00921257242553,349.0,0.0
26622.0,0.0,5450.0,27072.0,200.0,2.0,500.0
0.0,0.0,0.0,0.0,200.0000219998644,62.0,0.0
0.0,0.0,1900.0,1491.0,200.0,130.0,18045.0
0.0,0.0,0.0,0.0,302.0,1.0,0.0
0.0,0.0,0.0,0.0,302.0,1.0,0.0
0.0,0.0,0.0,0.0,302.0,0.0,0.0
1452.0,0.0,6340.0,3357.0,200.0,309.0,2475.0
0.0,0.0,7780.0,800.0,302.0,6.0,250.0
0.0,0.0,0.0,0.0,302.0,1.0,0.0
0.0,0.0,43600.0,4988.0,200.0,66.0,4120.0
0.0,0.0,9490.0,6692.0,200.00001482081532,3.0,3325.0
0.0,0.0,0.0,0.0,200.0,114.0,0.0
0.0,0.0,15250.0,5861.0,199.99999373875795,62.0,56705.0
0.0,0.0,4640.0,6013.0,199.9999965958849,69.0,1995.0
0.0,0.0,0.0,0.0,101.00121798538417,3.0,0.0
5302.0,0.0,0.0,0.0,200.0,31.0,0.0
0.0,0.0,7530.0,4173.0,200.0,64.0,4250.0
0.0,0.0,1570.0,5882.0,199.9999908684711,240.0,29925.0
0.0,0.0,11790.0,5685.0,199.99999581748764,190.0,3995.0
3228.0,1850.0,3610.0,3328.0,200.0,245.0,2705.0
0.0,0.0,0.0,0.0,203.87049922659867,290.0,0.0
0.0,0.0,0.0,0.0,201.3621494553209,327.0,0.0
0.0,0.0,0.0,0.0,302.0,1.0,0.0
0.0,0.0,64770.0,6244.0,199.9999948447943,27.0,7535.0
0.0,0.0,0.0,0.0,302.0,0.0,0.0
1150.0,0.0,0.0,0.0,200.0,289.0,0.0
0.0,0.0,0.0,0.0,199.96445257094553,28.0,0.0
0.0,0.0,0.0,0.0,203.99997450016255,63.0,0.0
0.0,0.0,5680.0,152.0,201.11527619470954,1.0,6450.0
6449.0,0.0,0.0,0.0,200.0,3.0,0.0
1150.0,0.0,0.0,0.0,200.0,278.0,0.0
0.0,0.0,106810.0,2552905.0,200.0,1.0,238715.0
0.0,0.0,0.0,0.0,203.0,2.0,0.0
0.0,0.0,7680.0,203.0,262.8103927409977,1.0,2400.0
0.0,0.0,0.0,0.0,302.0,1.0,0.0
0.0,0.0,3610.0,243.0,302.0,1.0,195.0
0.0,0.0,0.0,0.0,302.0,1.0,0.0
0.0,0.0,39420.0,10115.0,200.00000469521837,40.0,5650.0
0.0,0.0,0.0,0.0,199.97307369511952,27.0,0.0
26.0,1070.0,0.0,0.0,200.0,252.0,0.0
0.0,0.0,10340.0,5848.0,200.0000035869632,60.0,18340.0
0.0,0.0,0.0,0.0,197.3255315498519,16.0,0.0
1809.0,0.0,3500.0,2300.0,200.0,1.0,11930.0
0.0,0.0,0.0,0.0,203.0,2.0,0.0
0.0,0.0,17900.0,1752.0,199.99999559532915,200.0,6395.0
0.0,0.0,38680.0,71191.0,199.99999516807247,27.0,3010.0
0.0,0.0,0.0,0.0,280.26504603306284,131.0,0.0
11652.0,0.0,3060.0,12556.0,206.0,3.0,645.0
0.0,0.0,10930.0,4543.0,200.0,297.0,7530.0
0.0,0.0,0.0,0.0,101.00121798538417,3.0,0.0
0.0,0.0,6910.0,340.0,200.0,63.0,550.0
0.0,0.0,0.0,0.0,200.78261298786273,61.0,0.0
625.0,0.0,2090.0,1078.0,200.0,4.0,4210.0
0.0,0.0,0.0,0.0,203.0,2.0,0.0
0.0,0.0,0.0,0.0,302.0,1.0,0.0
0.0,0.0,8320.0,391.0,200.00000560661877,2.0,1570.0
0.0,0.0,0.0,0.0,302.0,1.0,0.0
0.0,0.0,33550.0,4254.0,200.0,2.0,4105.0
0.0,0.0,0.0,0.0,200.5547779480298,70.0,0.0
0.0,0.0,7380.0,4265.0,200.00000633117276,1.0,2170.0
0.0,0.0,14870.0,80139.0,199.99999906095505,1.0,1100.0
0.0,0.0,14890.0,162837.0,199.9999946909287,1.0,2200.0
0.0,0.0,7380.0,4266.0,199.9999904657379,2.0,2320.0
0.0,0.0,0.0,0.0,203.0,2.0,0.0
0.0,0.0,3160.0,513.0,200.00001162215625,129.0,1595.0
0.0,0.0,4150.0,146.0,241.53857620114735,1.0,295.0
0.0,0.0,2650.0,256.0,302.0,0.0,200.0
0.0,0.0,19730.0,7805.0,199.99999622189134,67.0,15395.0
0.0,0.0,0.0,0.0,200.7920711889026,72.0,0.0
0.0,0.0,17870.0,241926.0,199.99999549304835,61.0,231250.0
0.0,0.0,0.0,0.0,302.0,0.0,0.0
0.0,0.0,0.0,0.0,201.3210903257954,59.0,0.0
0.0,0.0,0.0,0.0,302.0,0.0,0.0
0.0,0.0,0.0,0.0,200.92813928585548,74.0,0.0
11734.0,0.0,0.0,0.0,200.0,53.0,0.0
0.0,0.0,0.0,0.0,203.1841956394158,302.0,0.0
8896.0,0.0,5600.0,9212.0,200.0,61.0,625.0
32168.0,0.0,2050.0,32442.0,200.0,31.0,800.0
0.0,0.0,0.0,0.0,200.0000219998644,62.0,0.0
0.0,0.0,16500.0,769.0,199.99998507565448,2.0,3350.0
0.0,0.0,12140.0,265.0,199.9999947093021,1.0,24440.0
0.0,0.0,15940.0,3585.0,200.00000494908335,143.0,6785.0
0.0,0.0,135490.0,1253.0,200.00000469034353,3.0,6250.0
43.0,0.0,0.0,0.0,200.0,131.0,0.0
0.0,0.0,10930.0,4543.0,200.00000478968127,422.0,8910.0
0.0,0.0,2080.0,5772.0,200.0000023678976,61.0,2335.0
0.0,0.0,10180.0,39749.0,200.00000716490766,3.0,8275.0
0.0,0.0,14740.0,1104.0,200.0000061064578,2.0,46180.0
432212.0,0.0,4150.0,432751.0,200.0,0.0,41080.0
29030.0,0.0,6400.0,29480.0,200.0,1.0,450.0
0.0,0.0,27680.0,13570.0,199.99999486887882,27.0,15715.0
0.0,0.0,2650.0,256.0,302.0,0.0,345.0
0.0,0.0,6670.0,33883.0,200.0,822.0,6050.0
0.0,0.0,0.0,0.0,302.0,0.0,0.0
0.0,0.0,11850.0,1826.0,200.0000057601238,1.0,6860.0
0.0,0.0,0.0,0.0,204.0,63.0,0.0
0.0,0.0,0.0,0.0,203.0,2.0,0.0
12263.0,0.0,0.0,0.0,200.0,65.0,0.0
33.0,40.0,0.0,0.0,200.0,237.0,0.0
0.0,0.0,9020.0,737.0,200.0000070885025,273.0,11300.0
0.0,0.0,0.0,0.0,239.04672640233835,125.0,0.0
35390.0,0.0,1010.0,39996.0,200.0,5.0,34020.0
12268.0,0.0,6900.0,12679.0,200.0,62.0,475.0
0.0,0.0,0.0,0.0,302.0,1.0,0.0
3674.0,0.0,0.0,0.0,200.0,58.0,0.0
2.0,14420.0,16950.0,156.0,200.0,82.0,1550.0
0.0,0.0,0.0,0.0,203.0,2.0,0.0
0.0,0.0,39280.0,6852.0,200.00000928326028,28.0,2480.0
0.0,0.0,0.0,0.0,302.0,1.0,0.0
0.0,0.0,0.0,0.0,202.90460161568004,109.0,0.0
104127.0,0.0,2030.0,104796.0,200.0,6.0,4025.0
0.0,0.0,0.0,0.0,203.0,2.0,0.0
0.0,0.0,0.0,0.0,196.9222754956829,14.0,0.0
0.0,0.0,0.0,0.0,200.0,255.0,0.0
0.0,0.0,4890.0,788.0,200.0,170.0,2450.0
2.0,15030.0,18140.0,118.0,200.0,419.0,2305.0
0.0,0.0,31970.0,10527.0,199.99999206577493,3.0,19520.0
0.0,0.0,80740.0,12883.0,200.00000450694841,28.0,26830.0
0.0,0.0,32730.0,12031.0,199.99999588431163,62.0,23625.0
0.0,0.0,0.0,0.0,203.0,2.0,0.0
0.0,0.0,0.0,0.0,203.0,2.0,0.0
491843.0,0.0,4730.0,492170.0,206.0,283.0,174690.0
778.0,5480.0,0.0,0.0,200.0,2968.0,0.0
0.0,0.0,22910.0,3624.0,199.9999893980409,146.0,3325.0
0.0,0.0,0.0,0.0,302.0,0.0,0.0
1043.0,0.0,2240.0,1619.0,200.0,3.0,195.0
0.0,0.0,0.0,0.0,302.0,1.0,0.0
811.0,0.0,2240.0,1385.0,200.0,3.0,250.0
0.0,0.0,0.0,0.0,203.0,2.0,0.0
0.0,0.0,15160.0,399.0,200.00000730873143,1.0,945.0
0.0,0.0,15100.0,399.0,199.9999964030081,1.0,945.0
0.0,0.0,15170.0,399.0,200.00001099221765,1.0,945.0
0.0,4470.0,6330.0,109.0,200.0,274.0,3035.0
0.0,0.0,0.0,0.0,301.3209235963245,139.0,0.0
0.0,3220.0,0.0,0.0,200.0,231.0,0.0
0.0,0.0,5740.0,54232.0,200.00000357507173,146.0,15670.0
802.0,0.0,2240.0,1376.0,200.0,2.0,175.0
0.0,0.0,0.0,0.0,202.93876809728317,64.0,0.0
0.0,0.0,14670.0,50760.0,199.99999532695057,59.0,2625.0
613.0,5370.0,7110.0,712.0,200.0,8.0,215.0
0.0,0.0,2170.0,192.0,302.0,0.0,195.0
0.0,0.0,0.0,0.0,201.63636034973405,65.0,0.0
0.0,0.0,0.0,0.0,302.0,0.0,0.0
0.0,0.0,0.0,0.0,202.93876809728317,64.0,0.0
0.0,0.0,36470.0,3772.0,200.0000150832505,66.0,3450.0
0.0,0.0,0.0,0.0,201.01300337385123,76.0,0.0
71.0,0.0,6590.0,273.0,200.0,98.0,795.0
0.0,0.0,8760.0,3504.0,200.0000016678958,68.0,1460.0
0.0,0.0,0.0,0.0,302.0,0.0,0.0
0.0,0.0,2180.0,193.0,302.0,0.0,195.0
6068.0,0.0,4990.0,6384.0,200.0,59.0,1200.0
21.0,2160.0,0.0,0.0,200.0,250.0,0.0
7870.0,0.0,4980.0,8186.0,200.0,61.0,1205.0
0.0,0.0,0.0,0.0,203.0,2.0,0.0
0.0,0.0,0.0,0.0,203.99997450016255,63.0,0.0
0.0,0.0,8810.0,626030.0,199.99998465233,1.0,16770.0
0.0,0.0,0.0,0.0,203.99997450016255,63.0,0.0
0.0,0.0,0.0,0.0,199.97307369511952,27.0,0.0
8281.0,0.0,4990.0,8597.0,200.0,58.0,1270.0
0.0,0.0,9290.0,6502.0,200.00000908983264,189.0,3900.0
0.0,0.0,0.0,0.0,201.42856498762097,57.0,0.0
0.0,0.0,0.0,0.0,201.3210903257954,59.0,0.0
0.0,0.0,39090.0,56790.0,199.9999981311546,28.0,2385.0
23.0,790.0,3780.0,336.0,200.0,246.0,1400.0
0.0,0.0,24010.0,1204.0,200.00000383685568,2.0,3820.0
0.0,0.0,0.0,0.0,199.9999821804818,247.0,0.0
0.0,0.0,39780.0,4828.0,199.9999966685192,3.0,5010.0
0.0,0.0,0.0,0.0,302.0,1.0,0.0
0.0,0.0,17840.0,84522.0,200.00000028977524,147.0,8270.0
0.0,0.0,5110.0,366.0,304.0,292.0,3575.0
80944.0,0.0,2760.0,81134.0,200.0,2.0,900.0
0.0,0.0,0.0,0.0,203.0,2.0,0.0
0.0,0.0,99260.0,9070.0,200.00001484118374,28.0,9195.0
27826.0,0.0,4650.0,28276.0,200.0,1.0,725.0
908800.0,0.0,5160.0,909245.0,200.0,1.0,7200.0
36.0,2050.0,0.0,0.0,200.0,257.0,0.0
0.0,0.0,5820.0,197.0,204.0,601.0,3175.0
0.0,0.0,4240.0,536.0,200.0,201.0,1200.0
0.0,0.0,52550.0,58811.0,200.0000049149341,2.0,26380.0
0.0,0.0,0.0,0.0,203.0,2.0,0.0
0.0,0.0,0.0,0.0,290.12574214906357,133.0,0.0
0.0,0.0,0.0,0.0,199.97307369511952,27.0,0.0
0.0,0.0,10770.0,344.0,231.94294680719386,126.0,4800.0
0.0,480.0,8710.0,361.0,200.0,35.0,345.0
1086.0,2220.0,0.0,0.0,200.0,872.0,0.0
0.0,0.0,13520.0,5538.0,199.99999046876155,61.0,1725.0
0.0,0.0,0.0,0.0,203.0,2.0,0.0
1083.0,2210.0,0.0,0.0,200.0,838.0,0.0
0.0,0.0,9270.0,8097.0,200.00000589310753,2.0,9540.0
0.0,0.0,0.0,0.0,200.0000219998644,62.0,0.0
0.0,0.0,15980.0,1321.0,199.9999874497026,192.0,9485.0
343296.0,0.0,5570.0,343942.0,200.0,81.0,2495.0
193.0,0.0,3770.0,499.0,200.0,143.0,2500.0
0.0,0.0,8710.0,57981.0,200.0,1355.0,9800.0
0.0,0.0,1330.0,4142.0,199.99998975221575,66.0,950.0
0.0,5340.0,7790.0,167.0,200.0,60.0,1175.0
44.0,6640.0,12520.0,234.0,200.0,299.0,1670.0
0.0,0.0,0.0,0.0,302.0,1.0,0.0
0.0,0.0,0.0,0.0,302.0,1.0,0.0
0.0,0.0,0.0,0.0,302.0,1.0,0.0
